disease,prevalence,US_mortality_2015,year,funding
Acquired Cognitive Impairment,NA,NA,2013,NA
Acute Respiratory Distress Syndrome,NA,NA,2013,95
Adolescent Sexual Activity,NA,138,2013,70
Agent Orange & Dioxin,NA,NA,2013,10
Aging,NA,NA,2013,NA
"Alcoholism, Alcohol Use and Health ",NA,NA,2013,437
Allergic Rhinitis ,8.2,77,2013,9
Amyotrophic Lateral Sclerosis,NA,NA,2013,39
Alzheimer's Disease,NA,NA,2013,504
Alzheimer's Disease including Alzheimer's Disease Related Dementias ,NA,NA,2013,NA
Alzheimer's Disease Related Dementias ,NA,NA,2013,NA
American Indians / Alaska Natives,NA,NA,2013,160
Anorexia,NA,107,2013,11
Anthrax,NA,NA,2013,70
Antimicrobial Resistance,NA,NA,2013,325
Anxiety Disorders,NA,NA,2013,NA
Aphasia,NA,NA,2013,24
Arctic,NA,NA,2013,19
Arthritis,22.9,NA,2013,231
Assistive Technology,NA,NA,2013,220
Asthma,7.6,NA,2013,207
Ataxia Telangiectasia,NA,13,2013,11
Atherosclerosis,NA,NA,2013,374
Attention Deficit Disorder ,9.8,69,2013,49
Autism,2.4,216,2013,186
Autoimmune Disease,NA,NA,2013,821
Back Pain,NA,NA,2013,NA
Basic Behavioral and Social Science,NA,NA,2013,NA
Batten Disease,NA,NA,2013,5
Behavioral and Social Science,NA,NA,2013,NA
Biodefense ,NA,NA,2013,NA
Bioengineering,NA,NA,2013,NA
Biotechnology,NA,NA,2013,NA
Bipolar Disorder,NA,NA,2013,NA
Brain Cancer,0.1,NA,2013,280
Brain Disorders,NA,NA,2013,NA
Breast Cancer,1.6,NA,2013,657
Burden of Illness,NA,NA,2013,72
Cachexia,NA,NA,2013,NA
Cancer,8.7,NA,2013,NA
Cancer Genomics,NA,NA,2013,NA
Cannabidiol Research,NA,NA,2013,NA
Cannabinoid Research,NA,NA,2013,NA
Cardiovascular,NA,NA,2013,NA
Caregiving Research,NA,NA,2013,NA
Cerebral Palsy,0.3,NA,2013,18
Cerebrovascular,NA,NA,2013,NA
Cervical Cancer,0.8,NA,2013,98
CharcotMarie-Tooth Disease,NA,NA,2013,11
Child Abuse and Neglect Research,NA,NA,2013,30
Childhood Leukemia,NA,NA,2013,67
Chronic Fatigue Syndrome ,NA,11,2013,5
Chronic Liver Disease and Cirrhosis,NA,NA,2013,282
Chronic Obstructive Pulmonary Disease,6.2,NA,2013,102
Climate Change ,NA,NA,2013,8
ClimateRelated Exposures and Conditions  ,NA,NA,2013,137
Clinical Research,NA,NA,2013,NA
Clinical Trials and Supportive Activities  ,NA,NA,2013,NA
ColoRectal Cancer,0.6,NA,2013,281
Comparative Effectiveness Research,NA,NA,2013,559
Complementary and Alternative Medicine,NA,NA,2013,380
Conditions Affecting the Embryonic and Fetal Periods ,NA,NA,2013,151
Congenital Heart Disease,NA,NA,2013,NA
Congenital Muscular Dystrophy,NA,NA,2013,NA
Congenital Structural Anomalies,NA,NA,2013,0
Contraception/Reproduction,NA,NA,2013,408
Cooley's Anemia,NA,NA,2013,15
Cost Effectiveness Research,NA,NA,2013,82
Crohn's Disease,NA,NA,2013,61
Cystic Fibrosis,NA,540,2013,78
Dementia,NA,NA,2013,650
Dental/Oral and Craniofacial Disease,NA,NA,2013,480
Depression,NA,NA,2013,415
Diabetes ,9.7,NA,2013,NA
Diagnostic Radiology,NA,NA,2013,NA
Dietary Supplements,NA,NA,2013,NA
Diethylstilbestrol ,NA,NA,2013,1
Digestive Diseases,NA,NA,2013,NA
Digestive Diseases  ,NA,NA,2013,10
Digestive Diseases  ,6.1,NA,2013,19
Down Syndrome,0.1,NA,2013,18
Drug Abuse ,NA,NA,2013,993
Duchenne/ Becker Muscular Dystrophy,NA,NA,2013,33
Dystonia,NA,219,2013,13
Eating Disorders ,NA,188,2013,31
Eczema / Atopic Dermatitis,NA,NA,2013,NA
Emergency Care,NA,NA,2013,NA
Emerging Infectious Diseases,NA,NA,2013,NA
Emphysema,1.5,NA,2013,24
Endocannabinoid System Research,NA,NA,2013,NA
Endocrine Disruptors,NA,NA,2013,NA
Endometriosis,NA,24,2013,7
Epilepsy,2,NA,2013,129
Estrogen,NA,NA,2013,218
Eye Disease And Disorders Of Vision,NA,NA,2013,774
Facioscapulohumeral Muscular Dystrophy,NA,NA,2013,5
Fetal Alcohol Syndrome,NA,22,2013,33
Fibroid Tumors ,NA,65,2013,10
Fibromyalgia,NA,467,2013,11
Food Allergies,NA,NA,2013,36
Foodborne Illness  ,NA,NA,2013,229
Fragile X Syndrome,NA,38,2013,30
Frontotemporal Dementia ,NA,NA,2013,32
Gene Therapy,NA,NA,2013,226
Gene Therapy Clinical Trials,NA,NA,2013,15
Genetic Testing,NA,NA,2013,272
Genetics,NA,NA,2013,NA
Global Warming Climate Change,NA,NA,2013,6
Headaches,NA,NA,2013,25
Health Disparities ,NA,NA,2013,NA
Health Effects of Household Energy Combustion,NA,NA,2013,NA
Health Effects of Indoor Air Pollution,NA,NA,2013,NA
Health Services,NA,NA,2013,NA
Heart Disease,11.7,NA,2013,NA
Heart Disease  Coronary Heart Disease,6.1,NA,2013,404
Hematology,NA,NA,2013,NA
Hepatitis,2.8,NA,2013,195
Hepatitis  A,NA,67,2013,2
Hepatitis  B,NA,NA,2013,48
Hepatitis  C,NA,NA,2013,101
HIV/AIDS ,NA,NA,2013,NA
Hodgkin's Disease,NA,NA,2013,13
Homelessness,NA,NA,2013,11
Homicide and Legal Interventions,NA,NA,2013,0
HPV and/or Cervical Cancer Vaccines,NA,NA,2013,25
Human Fetal Tissue ,NA,NA,2013,67
Human Genome,NA,NA,2013,NA
Huntington's Disease,NA,NA,2013,55
Hydrocephalus,NA,NA,2013,6
Hyperbaric Oxygen,NA,NA,2013,1
Hypertension,27,NA,2013,222
Immunization,NA,NA,2013,NA
Infant Mortality,NA,NA,2013,NA
Infectious Diseases,NA,NA,2013,NA
Infertility,NA,NA,2013,78
Inflammatory Bowel Disease,NA,NA,2013,114
Influenza,NA,NA,2013,304
Injury  Childhood Injuries,NA,NA,2013,37
Injury  Trauma - ,NA,NA,2013,183
Injury  Traumatic brain injury,NA,NA,2013,88
Injury  Unintentional Childhood Injury,NA,NA,2013,20
Injury ,NA,NA,2013,367
Intellectual and Developmental Disabilities ,6,NA,2013,343
Interstitial Cystitis,NA,29,2013,10
Kidney Disease,2,NA,2013,551
Lead Poisoning,NA,2,2013,8
Lewy Body Dementia,NA,NA,2013,NA
Liver Cancer,0.1,NA,2013,71
Liver Disease,1.6,NA,2013,594
Lung,NA,NA,2013,NA
Lung Cancer,0.2,NA,2013,208
Lupus,NA,NA,2013,92
Lyme Disease,NA,64,2013,20
Lymphoma,0.3,NA,2013,233
Macular Degeneration,NA,660,2013,98
Major Depressive Disorder,NA,NA,2013,NA
Malaria,NA,13,2013,147
Malaria Vaccine,NA,NA,2013,34
Mental Health,NA,NA,2013,NA
Mental Illness,NA,NA,2013,NA
Methamphetamine,NA,NA,2013,68
Migraines,15,NA,2013,19
Mind and Body,NA,NA,2013,210
Minority Health ,NA,NA,2013,NA
Mucopolysaccharidoses ,NA,79,2013,8
Multiple Sclerosis,NA,NA,2013,112
Muscular Dystrophy,NA,NA,2013,76
Myasthenia Gravis,NA,NA,2013,7
Myotonic Dystrophy,NA,NA,2013,10
Nanotechnology ,NA,NA,2013,430
Neck Pain,NA,NA,2013,NA
Neonatal Respiratory Distress ,NA,798,2013,33
Networking and Information Technology R&D  ,NA,NA,2013,521
Neuroblastoma,NA,NA,2013,33
Neurodegenerative,NA,NA,2013,NA
Neurofibromatosis,NA,311,2013,17
Neurosciences,NA,NA,2013,NA
Nutrition,NA,NA,2013,NA
Obesity,30,NA,2013,812
Organ Transplantation,NA,NA,2013,140
Orphan Drug,NA,NA,2013,764
Osteoarthritis,NA,NA,2013,NA
Osteogenesis Imperfecta,NA,76,2013,8
Osteoporosis,NA,NA,2013,164
Otitis Media,NA,67,2013,14
Ovarian Cancer,0.4,NA,2013,133
Paget's Disease,NA,217,2013,0
Pain Conditions  Chronic,29.9,NA,2013,402
Pain Research,NA,NA,2013,475
Pancreatic Cancer,0.1,NA,2013,125
Parkinson's Disease,NA,NA,2013,135
Patient Safety,NA,NA,2013,858
Pediatric,NA,NA,2013,NA
Pediatric AIDS ,NA,NA,2013,188
Pediatric Cancer,NA,NA,2013,NA
Pediatric Cardiomyopathy,NA,NA,2013,NA
Pediatric Research Initiative,NA,NA,2013,258
Pelvic Inflammatory Disease,NA,276,2013,3
Perinatal Period  Conditions Originating in Perinatal Period,NA,NA,2013,486
Peripheral Neuropathy ,NA,NA,2013,151
Physical Activity,NA,NA,2013,NA
Physical Rehabilitation,NA,NA,2013,NA
Pick's Disease,NA,NA,2013,3
Pneumonia,NA,NA,2013,113
Pneumonia & Influenza,NA,NA,2013,407
Polycystic Kidney Disease,NA,778,2013,40
PostTraumatic Stress Disorder ,NA,NA,2013,77
Precision Medicine,NA,NA,2013,NA
Prescription Drug Abuse,NA,NA,2013,33
"Preterm, Low Birth Weight and Health of the Newborn ",NA,NA,2013,198
Prevention,NA,NA,2013,NA
Prostate Cancer,2.2,NA,2013,286
Psoriasis,NA,447,2013,12
Radiation Oncology,NA,NA,2013,NA
Rare Diseases,NA,NA,2013,NA
Regenerative Medicine,NA,NA,2013,831
Rehabilitation,NA,NA,2013,446
Rett Syndrome,NA,57,2013,13
Reye's Syndrome,NA,4,2013,0
Rheumatoid Arthritis,NA,NA,2013,NA
Rural Health,NA,NA,2013,187
Sarcopenia,NA,NA,2013,NA
Schizophrenia,NA,NA,2013,232
Scleroderma,NA,7,2013,21
Screening And Brief Intervention For Substance Abuse,NA,NA,2013,25
Septicemia,NA,NA,2013,88
Serious Mental Illness,3.6,NA,2013,NA
Sexual and Gender Minorities ,NA,NA,2013,NA
Sexually Transmitted Diseases/Herpes,NA,NA,2013,242
Sickle Cell Disease,NA,903,2013,70
Sleep Disorders,NA,NA,2013,229
Small Pox,NA,0,2013,30
Smoking Cessation,15.1,NA,2013,321
Spina Bifida,NA,380,2013,10
Spinal Cord Injury,NA,NA,2013,94
Spinal Muscular Atrophy,NA,181,2013,13
Stem Cell Research,NA,NA,2013,NA
Stem Cell Research  Embryonic - Human,NA,NA,2013,146
Stem Cell Research  Embryonic - Non-Human,NA,NA,2013,154
Stem Cell Research  Induced Pluripotent Stem Cell,NA,NA,2013,228
Stem Cell Research  Induced Pluripotent Stem Cell - Human,NA,NA,2013,199
Stem Cell Research  Induced Pluripotent Stem Cell - Non-Human,NA,NA,2013,43
Stem Cell Research  Nonembryonic - Human,NA,NA,2013,431
Stem Cell Research  Nonembryonic - Non-Human,NA,NA,2013,613
Stem Cell Research  Umbilical Cord Blood/ Placenta,NA,NA,2013,40
Stem Cell Research  Umbilical Cord Blood/ Placenta - Human,NA,NA,2013,35
Stem Cell Research  Umbilical Cord Blood/ Placenta - Non-Human,NA,NA,2013,7
Stroke,NA,NA,2013,282
Substance Abuse ,NA,NA,2013,NA
Substance Abuse Prevention,NA,NA,2013,65
Sudden Infant Death Syndrome,NA,NA,2013,20
Suicide,NA,NA,2013,37
Suicide Prevention,NA,NA,2013,21
Teenage Pregnancy,NA,NA,2013,17
Temporomandibular Muscle/Joint Disorder ,NA,4,2013,19
Therapeutic Cannabinoid Research,NA,NA,2013,NA
Tobacco,NA,NA,2013,322
Topical Microbicides,NA,NA,2013,93
Tourette Syndrome,NA,19,2013,4
Transmissible Spongiform Encephalopathy ,NA,556,2013,35
Transplantation,NA,NA,2013,538
Tuberculosis,NA,883,2013,240
Tuberculosis Vaccine,NA,NA,2013,26
Tuberous Sclerosis,NA,65,2013,20
Underage Drinking,NA,NA,2013,75
Underage Drinking – Prevention & Treatment ,NA,NA,2013,62
Urologic Diseases,NA,NA,2013,497
Usher Syndrome,NA,NA,2013,NA
Uterine Cancer,0.7,NA,2013,39
Vaccine Related,NA,NA,2013,NA
Vaccine related ,NA,NA,2013,518
Vaginal Cancer,NA,NA,2013,NA
Valley Fever,NA,NA,2013,NA
Vascular Cognitive Impairment/Dementia,NA,NA,2013,NA
VectorBorne Diseases,NA,NA,2013,437
Violence Against Women,NA,NA,2013,31
Violence Research,NA,NA,2013,137
Vulvodynia,NA,NA,2013,4
West Nile Virus,NA,138,2013,40
Women's Health ,NA,NA,2013,NA
Youth Violence,NA,NA,2013,70
Youth Violence Prevention,NA,NA,2013,26
Acquired Cognitive Impairment,NA,NA,2014,NA
Acute Respiratory Distress Syndrome,NA,NA,2014,85
Adolescent Sexual Activity,NA,138,2014,68
Agent Orange & Dioxin,NA,NA,2014,8
Aging,NA,NA,2014,NA
"Alcoholism, Alcohol Use and Health ",NA,NA,2014,475
Allergic Rhinitis ,8.2,77,2014,6
Amyotrophic Lateral Sclerosis,NA,NA,2014,48
Alzheimer's Disease,NA,NA,2014,562
Alzheimer's Disease including Alzheimer's Disease Related Dementias ,NA,NA,2014,NA
Alzheimer's Disease Related Dementias ,NA,NA,2014,NA
American Indians / Alaska Natives,NA,NA,2014,166
Anorexia,NA,107,2014,11
Anthrax,NA,NA,2014,67
Antimicrobial Resistance,NA,NA,2014,277
Anxiety Disorders,NA,NA,2014,NA
Aphasia,NA,NA,2014,24
Arctic,NA,NA,2014,16
Arthritis,22.9,NA,2014,239
Assistive Technology,NA,NA,2014,228
Asthma,7.6,NA,2014,241
Ataxia Telangiectasia,NA,13,2014,8
Atherosclerosis,NA,NA,2014,375
Attention Deficit Disorder ,9.8,69,2014,44
Autism,2.4,216,2014,188
Autoimmune Disease,NA,NA,2014,822
Back Pain,NA,NA,2014,NA
Basic Behavioral and Social Science,NA,NA,2014,NA
Batten Disease,NA,NA,2014,5
Behavioral and Social Science,NA,NA,2014,NA
Biodefense ,NA,NA,2014,NA
Bioengineering,NA,NA,2014,NA
Biotechnology,NA,NA,2014,NA
Bipolar Disorder,NA,NA,2014,NA
Brain Cancer,0.1,NA,2014,289
Brain Disorders,NA,NA,2014,NA
Breast Cancer,1.6,NA,2014,682
Burden of Illness,NA,NA,2014,73
Cachexia,NA,NA,2014,NA
Cancer,8.7,NA,2014,NA
Cancer Genomics,NA,NA,2014,NA
Cannabidiol Research,NA,NA,2014,NA
Cannabinoid Research,NA,NA,2014,NA
Cardiovascular,NA,NA,2014,NA
Caregiving Research,NA,NA,2014,NA
Cerebral Palsy,0.3,NA,2014,21
Cerebrovascular,NA,NA,2014,NA
Cervical Cancer,0.8,NA,2014,116
CharcotMarie-Tooth Disease,NA,NA,2014,14
Child Abuse and Neglect Research,NA,NA,2014,30
Childhood Leukemia,NA,NA,2014,105
Chronic Fatigue Syndrome ,NA,11,2014,5
Chronic Liver Disease and Cirrhosis,NA,NA,2014,293
Chronic Obstructive Pulmonary Disease,6.2,NA,2014,107
Climate Change ,NA,NA,2014,6
ClimateRelated Exposures and Conditions  ,NA,NA,2014,131
Clinical Research,NA,NA,2014,NA
Clinical Trials and Supportive Activities  ,NA,NA,2014,NA
ColoRectal Cancer,0.6,NA,2014,271
Comparative Effectiveness Research,NA,NA,2014,610
Complementary and Alternative Medicine,NA,NA,2014,367
Conditions Affecting the Embryonic and Fetal Periods ,NA,NA,2014,175
Congenital Heart Disease,NA,NA,2014,NA
Congenital Muscular Dystrophy,NA,NA,2014,NA
Congenital Structural Anomalies,NA,NA,2014,0
Contraception/Reproduction,NA,NA,2014,394
Cooley's Anemia,NA,NA,2014,18
Cost Effectiveness Research,NA,NA,2014,70
Crohn's Disease,NA,NA,2014,65
Cystic Fibrosis,NA,540,2014,77
Dementia,NA,NA,2014,704
Dental/Oral and Craniofacial Disease,NA,NA,2014,483
Depression,NA,NA,2014,396
Diabetes ,9.7,NA,2014,NA
Diagnostic Radiology,NA,NA,2014,NA
Dietary Supplements,NA,NA,2014,NA
Diethylstilbestrol ,NA,NA,2014,1
Digestive Diseases,NA,NA,2014,NA
Digestive Diseases  ,NA,NA,2014,9
Digestive Diseases  ,6.1,NA,2014,15
Down Syndrome,0.1,NA,2014,18
Drug Abuse ,NA,NA,2014,NA
Duchenne/ Becker Muscular Dystrophy,NA,NA,2014,32
Dystonia,NA,219,2014,12
Eating Disorders ,NA,188,2014,30
Eczema / Atopic Dermatitis,NA,NA,2014,NA
Emergency Care,NA,NA,2014,NA
Emerging Infectious Diseases,NA,NA,2014,NA
Emphysema,1.5,NA,2014,27
Endocannabinoid System Research,NA,NA,2014,NA
Endocrine Disruptors,NA,NA,2014,NA
Endometriosis,NA,24,2014,7
Epilepsy,2,NA,2014,154
Estrogen,NA,NA,2014,203
Eye Disease And Disorders Of Vision,NA,NA,2014,824
Facioscapulohumeral Muscular Dystrophy,NA,NA,2014,7
Fetal Alcohol Syndrome,NA,22,2014,34
Fibroid Tumors ,NA,65,2014,9
Fibromyalgia,NA,467,2014,10
Food Allergies,NA,NA,2014,35
Foodborne Illness  ,NA,NA,2014,232
Fragile X Syndrome,NA,38,2014,36
Frontotemporal Dementia ,NA,NA,2014,37
Gene Therapy,NA,NA,2014,253
Gene Therapy Clinical Trials,NA,NA,2014,26
Genetic Testing,NA,NA,2014,231
Genetics,NA,NA,2014,NA
Global Warming Climate Change,NA,NA,2014,4
Headaches,NA,NA,2014,24
Health Disparities ,NA,NA,2014,NA
Health Effects of Household Energy Combustion,NA,NA,2014,NA
Health Effects of Indoor Air Pollution,NA,NA,2014,NA
Health Services,NA,NA,2014,NA
Heart Disease,11.7,NA,2014,NA
Heart Disease  Coronary Heart Disease,6.1,NA,2014,421
Hematology,NA,NA,2014,NA
Hepatitis,2.8,NA,2014,251
Hepatitis  A,NA,67,2014,3
Hepatitis  B,NA,NA,2014,48
Hepatitis  C,NA,NA,2014,111
HIV/AIDS ,NA,NA,2014,NA
Hodgkin's Disease,NA,NA,2014,14
Homelessness,NA,NA,2014,14
Homicide and Legal Interventions,NA,NA,2014,0
HPV and/or Cervical Cancer Vaccines,NA,NA,2014,38
Human Fetal Tissue ,NA,NA,2014,76
Human Genome,NA,NA,2014,NA
Huntington's Disease,NA,NA,2014,50
Hydrocephalus,NA,NA,2014,5
Hyperbaric Oxygen,NA,NA,2014,2
Hypertension,27,NA,2014,216
Immunization,NA,NA,2014,NA
Infant Mortality,NA,NA,2014,NA
Infectious Diseases,NA,NA,2014,NA
Infertility,NA,NA,2014,76
Inflammatory Bowel Disease,NA,NA,2014,125
Influenza,NA,NA,2014,262
Injury  Childhood Injuries,NA,NA,2014,35
Injury  Trauma - ,NA,NA,2014,216
Injury  Traumatic brain injury,NA,NA,2014,87
Injury  Unintentional Childhood Injury,NA,NA,2014,22
Injury ,NA,NA,2014,404
Intellectual and Developmental Disabilities ,6,NA,2014,356
Interstitial Cystitis,NA,29,2014,9
Kidney Disease,2,NA,2014,549
Lead Poisoning,NA,2,2014,7
Lewy Body Dementia,NA,NA,2014,15
Liver Cancer,0.1,NA,2014,74
Liver Disease,1.6,NA,2014,605
Lung,NA,NA,2014,NA
Lung Cancer,0.2,NA,2014,254
Lupus,NA,NA,2014,99
Lyme Disease,NA,64,2014,23
Lymphoma,0.3,NA,2014,251
Macular Degeneration,NA,660,2014,82
Major Depressive Disorder,NA,NA,2014,NA
Malaria,NA,13,2014,169
Malaria Vaccine,NA,NA,2014,36
Mental Health,NA,NA,2014,NA
Mental Illness,NA,NA,2014,NA
Methamphetamine,NA,NA,2014,63
Migraines,15,NA,2014,20
Mind and Body,NA,NA,2014,211
Minority Health ,NA,NA,2014,NA
Mucopolysaccharidoses ,NA,79,2014,6
Multiple Sclerosis,NA,NA,2014,102
Muscular Dystrophy,NA,NA,2014,78
Myasthenia Gravis,NA,NA,2014,8
Myotonic Dystrophy,NA,NA,2014,9
Nanotechnology ,NA,NA,2014,409
Neck Pain,NA,NA,2014,NA
Neonatal Respiratory Distress ,NA,798,2014,52
Networking and Information Technology R&D  ,NA,NA,2014,612
Neuroblastoma,NA,NA,2014,37
Neurodegenerative,NA,NA,2014,NA
Neurofibromatosis,NA,311,2014,21
Neurosciences,NA,NA,2014,NA
Nutrition,NA,NA,2014,NA
Obesity,30,NA,2014,857
Organ Transplantation,NA,NA,2014,142
Orphan Drug,NA,NA,2014,809
Osteoarthritis,NA,NA,2014,NA
Osteogenesis Imperfecta,NA,76,2014,11
Osteoporosis,NA,NA,2014,141
Otitis Media,NA,67,2014,16
Ovarian Cancer,0.4,NA,2014,131
Paget's Disease,NA,217,2014,0
Pain Conditions  Chronic,29.9,NA,2014,402
Pain Research,NA,NA,2014,499
Pancreatic Cancer,0.1,NA,2014,123
Parkinson's Disease,NA,NA,2014,139
Patient Safety,NA,NA,2014,NA
Pediatric,NA,NA,2014,NA
Pediatric AIDS ,NA,NA,2014,166
Pediatric Cancer,NA,NA,2014,276
Pediatric Cardiomyopathy,NA,NA,2014,NA
Pediatric Research Initiative,NA,NA,2014,343
Pelvic Inflammatory Disease,NA,276,2014,2
Perinatal Period  Conditions Originating in Perinatal Period,NA,NA,2014,534
Peripheral Neuropathy ,NA,NA,2014,156
Physical Activity,NA,NA,2014,NA
Physical Rehabilitation,NA,NA,2014,113
Pick's Disease,NA,NA,2014,4
Pneumonia,NA,NA,2014,107
Pneumonia & Influenza,NA,NA,2014,362
Polycystic Kidney Disease,NA,778,2014,36
PostTraumatic Stress Disorder ,NA,NA,2014,79
Precision Medicine,NA,NA,2014,NA
Prescription Drug Abuse,NA,NA,2014,40
"Preterm, Low Birth Weight and Health of the Newborn ",NA,NA,2014,206
Prevention,NA,NA,2014,NA
Prostate Cancer,2.2,NA,2014,254
Psoriasis,NA,447,2014,13
Radiation Oncology,NA,NA,2014,NA
Rare Diseases,NA,NA,2014,NA
Regenerative Medicine,NA,NA,2014,836
Rehabilitation,NA,NA,2014,494
Rett Syndrome,NA,57,2014,12
Reye's Syndrome,NA,4,2014,0
Rheumatoid Arthritis,NA,NA,2014,NA
Rural Health,NA,NA,2014,197
Sarcopenia,NA,NA,2014,NA
Schizophrenia,NA,NA,2014,253
Scleroderma,NA,7,2014,24
Screening And Brief Intervention For Substance Abuse,NA,NA,2014,30
Septicemia,NA,NA,2014,100
Serious Mental Illness,3.6,NA,2014,407
Sexual and Gender Minorities ,NA,NA,2014,NA
Sexually Transmitted Diseases/Herpes,NA,NA,2014,263
Sickle Cell Disease,NA,903,2014,75
Sleep Disorders,NA,NA,2014,233
Small Pox,NA,0,2014,24
Smoking Cessation,15.1,NA,2014,320
Spina Bifida,NA,380,2014,10
Spinal Cord Injury,NA,NA,2014,80
Spinal Muscular Atrophy,NA,181,2014,16
Stem Cell Research,NA,NA,2014,NA
Stem Cell Research  Embryonic - Human,NA,NA,2014,166
Stem Cell Research  Embryonic - Non-Human,NA,NA,2014,150
Stem Cell Research  Induced Pluripotent Stem Cell,NA,NA,2014,313
Stem Cell Research  Induced Pluripotent Stem Cell - Human,NA,NA,2014,280
Stem Cell Research  Induced Pluripotent Stem Cell - Non-Human,NA,NA,2014,49
Stem Cell Research  Nonembryonic - Human,NA,NA,2014,443
Stem Cell Research  Nonembryonic - Non-Human,NA,NA,2014,627
Stem Cell Research  Umbilical Cord Blood/ Placenta,NA,NA,2014,34
Stem Cell Research  Umbilical Cord Blood/ Placenta - Human,NA,NA,2014,28
Stem Cell Research  Umbilical Cord Blood/ Placenta - Non-Human,NA,NA,2014,7
Stroke,NA,NA,2014,300
Substance Abuse ,NA,NA,2014,NA
Substance Abuse Prevention,NA,NA,2014,69
Sudden Infant Death Syndrome,NA,NA,2014,20
Suicide,NA,NA,2014,39
Suicide Prevention,NA,NA,2014,22
Teenage Pregnancy,NA,NA,2014,16
Temporomandibular Muscle/Joint Disorder ,NA,4,2014,18
Therapeutic Cannabinoid Research,NA,NA,2014,NA
Tobacco,NA,NA,2014,321
Topical Microbicides,NA,NA,2014,103
Tourette Syndrome,NA,19,2014,4
Transmissible Spongiform Encephalopathy ,NA,556,2014,33
Transplantation,NA,NA,2014,561
Tuberculosis,NA,883,2014,279
Tuberculosis Vaccine,NA,NA,2014,31
Tuberous Sclerosis,NA,65,2014,24
Underage Drinking,NA,NA,2014,83
Underage Drinking – Prevention & Treatment ,NA,NA,2014,59
Urologic Diseases,NA,NA,2014,494
Usher Syndrome,NA,NA,2014,19
Uterine Cancer,0.7,NA,2014,57
Vaccine Related,NA,NA,2014,NA
Vaccine related ,NA,NA,2014,533
Vaginal Cancer,NA,NA,2014,NA
Valley Fever,NA,NA,2014,3
Vascular Cognitive Impairment/Dementia,NA,NA,2014,45
VectorBorne Diseases,NA,NA,2014,487
Violence Against Women,NA,NA,2014,35
Violence Research,NA,NA,2014,130
Vulvodynia,NA,NA,2014,3
West Nile Virus,NA,138,2014,48
Women's Health ,NA,NA,2014,NA
Youth Violence,NA,NA,2014,59
Youth Violence Prevention,NA,NA,2014,16
Acquired Cognitive Impairment,NA,NA,2015,798
Acute Respiratory Distress Syndrome,NA,NA,2015,108
Adolescent Sexual Activity,NA,138,2015,85
Agent Orange & Dioxin,NA,NA,2015,9
Aging,NA,NA,2015,NA
"Alcoholism, Alcohol Use and Health ",NA,NA,2015,473
Allergic Rhinitis ,8.2,77,2015,5
Amyotrophic Lateral Sclerosis,NA,NA,2015,49
Alzheimer's Disease,NA,NA,2015,589
Alzheimer's Disease including Alzheimer's Disease Related Dementias ,NA,NA,2015,631
Alzheimer's Disease Related Dementias ,NA,NA,2015,120
American Indians / Alaska Natives,NA,NA,2015,181
Anorexia,NA,107,2015,10
Anthrax,NA,NA,2015,53
Antimicrobial Resistance,NA,NA,2015,310
Anxiety Disorders,NA,NA,2015,156
Aphasia,NA,NA,2015,25
Arctic,NA,NA,2015,14
Arthritis,22.9,NA,2015,214
Assistive Technology,NA,NA,2015,246
Asthma,7.6,NA,2015,281
Ataxia Telangiectasia,NA,13,2015,7
Atherosclerosis,NA,NA,2015,386
Attention Deficit Disorder ,9.8,69,2015,41
Autism,2.4,216,2015,208
Autoimmune Disease,NA,NA,2015,821
Back Pain,NA,NA,2015,NA
Basic Behavioral and Social Science,NA,NA,2015,NA
Batten Disease,NA,NA,2015,5
Behavioral and Social Science,NA,NA,2015,NA
Biodefense ,NA,NA,2015,NA
Bioengineering,NA,NA,2015,NA
Biotechnology,NA,NA,2015,NA
Bipolar Disorder,NA,NA,2015,80
Brain Cancer,0.1,NA,2015,298
Brain Disorders,NA,NA,2015,NA
Breast Cancer,1.6,NA,2015,674
Burden of Illness,NA,NA,2015,80
Cachexia,NA,NA,2015,NA
Cancer,8.7,NA,2015,NA
Cancer Genomics,NA,NA,2015,NA
Cannabidiol Research,NA,NA,2015,9
Cannabinoid Research,NA,NA,2015,111
Cardiovascular,NA,NA,2015,NA
Caregiving Research,NA,NA,2015,NA
Cerebral Palsy,0.3,NA,2015,20
Cerebrovascular,NA,NA,2015,NA
Cervical Cancer,0.8,NA,2015,99
CharcotMarie-Tooth Disease,NA,NA,2015,14
Child Abuse and Neglect Research,NA,NA,2015,27
Childhood Leukemia,NA,NA,2015,155
Chronic Fatigue Syndrome ,NA,11,2015,6
Chronic Liver Disease and Cirrhosis,NA,NA,2015,295
Chronic Obstructive Pulmonary Disease,6.2,NA,2015,97
Climate Change ,NA,NA,2015,7
ClimateRelated Exposures and Conditions  ,NA,NA,2015,150
Clinical Research,NA,NA,2015,NA
Clinical Trials and Supportive Activities  ,NA,NA,2015,NA
ColoRectal Cancer,0.6,NA,2015,309
Comparative Effectiveness Research,NA,NA,2015,587
Complementary and Alternative Medicine,NA,NA,2015,337
Conditions Affecting the Embryonic and Fetal Periods ,NA,NA,2015,200
Congenital Heart Disease,NA,NA,2015,NA
Congenital Muscular Dystrophy,NA,NA,2015,NA
Congenital Structural Anomalies,NA,NA,2015,404
Contraception/Reproduction,NA,NA,2015,424
Cooley's Anemia,NA,NA,2015,15
Cost Effectiveness Research,NA,NA,2015,175
Crohn's Disease,NA,NA,2015,66
Cystic Fibrosis,NA,540,2015,80
Dementia,NA,NA,2015,721
Dental/Oral and Craniofacial Disease,NA,NA,2015,493
Depression,NA,NA,2015,390
Diabetes ,9.7,NA,2015,NA
Diagnostic Radiology,NA,NA,2015,NA
Dietary Supplements,NA,NA,2015,NA
Diethylstilbestrol ,NA,NA,2015,1
Digestive Diseases,NA,NA,2015,NA
Digestive Diseases  ,NA,NA,2015,8
Digestive Diseases  ,6.1,NA,2015,16
Down Syndrome,0.1,NA,2015,24
Drug Abuse ,NA,NA,2015,NA
Duchenne/ Becker Muscular Dystrophy,NA,NA,2015,30
Dystonia,NA,219,2015,14
Eating Disorders ,NA,188,2015,31
Eczema / Atopic Dermatitis,NA,NA,2015,27
Emergency Care,NA,NA,2015,122
Emerging Infectious Diseases,NA,NA,2015,NA
Emphysema,1.5,NA,2015,28
Endocannabinoid System Research,NA,NA,2015,NA
Endocrine Disruptors,NA,NA,2015,NA
Endometriosis,NA,24,2015,10
Epilepsy,2,NA,2015,138
Estrogen,NA,NA,2015,194
Eye Disease And Disorders Of Vision,NA,NA,2015,779
Facioscapulohumeral Muscular Dystrophy,NA,NA,2015,8
Fetal Alcohol Syndrome,NA,22,2015,32
Fibroid Tumors ,NA,65,2015,10
Fibromyalgia,NA,467,2015,8
Food Allergies,NA,NA,2015,39
Foodborne Illness  ,NA,NA,2015,105
Fragile X Syndrome,NA,38,2015,38
Frontotemporal Dementia ,NA,NA,2015,36
Gene Therapy,NA,NA,2015,238
Gene Therapy Clinical Trials,NA,NA,2015,23
Genetic Testing,NA,NA,2015,161
Genetics,NA,NA,2015,NA
Global Warming Climate Change,NA,NA,2015,4
Headaches,NA,NA,2015,24
Health Disparities ,NA,NA,2015,NA
Health Effects of Household Energy Combustion,NA,NA,2015,14
Health Effects of Indoor Air Pollution,NA,NA,2015,103
Health Services,NA,NA,2015,NA
Heart Disease,11.7,NA,2015,NA
Heart Disease  Coronary Heart Disease,6.1,NA,2015,426
Hematology,NA,NA,2015,NA
Hepatitis,2.8,NA,2015,262
Hepatitis  A,NA,67,2015,4
Hepatitis  B,NA,NA,2015,42
Hepatitis  C,NA,NA,2015,96
HIV/AIDS ,NA,NA,2015,NA
Hodgkin's Disease,NA,NA,2015,16
Homelessness,NA,NA,2015,15
Homicide and Legal Interventions,NA,NA,2015,1
HPV and/or Cervical Cancer Vaccines,NA,NA,2015,31
Human Fetal Tissue ,NA,NA,2015,80
Human Genome,NA,NA,2015,NA
Huntington's Disease,NA,NA,2015,39
Hydrocephalus,NA,NA,2015,6
Hyperbaric Oxygen,NA,NA,2015,3
Hypertension,27,NA,2015,214
Immunization,NA,NA,2015,NA
Infant Mortality,NA,NA,2015,75
Infectious Diseases,NA,NA,2015,NA
Infertility,NA,NA,2015,72
Inflammatory Bowel Disease,NA,NA,2015,128
Influenza,NA,NA,2015,280
Injury  Childhood Injuries,NA,NA,2015,39
Injury  Trauma - ,NA,NA,2015,197
Injury  Traumatic brain injury,NA,NA,2015,93
Injury  Unintentional Childhood Injury,NA,NA,2015,23
Injury ,NA,NA,2015,399
Intellectual and Developmental Disabilities ,6,NA,2015,382
Interstitial Cystitis,NA,29,2015,10
Kidney Disease,2,NA,2015,564
Lead Poisoning,NA,2,2015,7
Lewy Body Dementia,NA,NA,2015,15
Liver Cancer,0.1,NA,2015,85
Liver Disease,1.6,NA,2015,616
Lung,NA,NA,2015,NA
Lung Cancer,0.2,NA,2015,349
Lupus,NA,NA,2015,90
Lyme Disease,NA,64,2015,24
Lymphoma,0.3,NA,2015,270
Macular Degeneration,NA,660,2015,82
Major Depressive Disorder,NA,NA,2015,95
Malaria,NA,13,2015,163
Malaria Vaccine,NA,NA,2015,44
Mental Health,NA,NA,2015,NA
Mental Illness,NA,NA,2015,NA
Methamphetamine,NA,NA,2015,58
Migraines,15,NA,2015,20
Mind and Body,NA,NA,2015,217
Minority Health ,NA,NA,2015,NA
Mucopolysaccharidoses ,NA,79,2015,6
Multiple Sclerosis,NA,NA,2015,94
Muscular Dystrophy,NA,NA,2015,77
Myasthenia Gravis,NA,NA,2015,7
Myotonic Dystrophy,NA,NA,2015,9
Nanotechnology ,NA,NA,2015,364
Neck Pain,NA,NA,2015,NA
Neonatal Respiratory Distress ,NA,798,2015,31
Networking and Information Technology R&D  ,NA,NA,2015,729
Neuroblastoma,NA,NA,2015,32
Neurodegenerative,NA,NA,2015,NA
Neurofibromatosis,NA,311,2015,22
Neurosciences,NA,NA,2015,NA
Nutrition,NA,NA,2015,NA
Obesity,30,NA,2015,900
Organ Transplantation,NA,NA,2015,148
Orphan Drug,NA,NA,2015,785
Osteoarthritis,NA,NA,2015,76
Osteogenesis Imperfecta,NA,76,2015,11
Osteoporosis,NA,NA,2015,146
Otitis Media,NA,67,2015,15
Ovarian Cancer,0.4,NA,2015,118
Paget's Disease,NA,217,2015,1
Pain Conditions  Chronic,29.9,NA,2015,391
Pain Research,NA,NA,2015,463
Pancreatic Cancer,0.1,NA,2015,174
Parkinson's Disease,NA,NA,2015,146
Patient Safety,NA,NA,2015,861
Pediatric,NA,NA,2015,NA
Pediatric AIDS ,NA,NA,2015,166
Pediatric Cancer,NA,NA,2015,342
Pediatric Cardiomyopathy,NA,NA,2015,NA
Pediatric Research Initiative,NA,NA,2015,512
Pelvic Inflammatory Disease,NA,276,2015,4
Perinatal Period  Conditions Originating in Perinatal Period,NA,NA,2015,561
Peripheral Neuropathy ,NA,NA,2015,105
Physical Activity,NA,NA,2015,NA
Physical Rehabilitation,NA,NA,2015,120
Pick's Disease,NA,NA,2015,2
Pneumonia,NA,NA,2015,112
Pneumonia & Influenza,NA,NA,2015,384
Polycystic Kidney Disease,NA,778,2015,29
PostTraumatic Stress Disorder ,NA,NA,2015,85
Precision Medicine,NA,NA,2015,NA
Prescription Drug Abuse,NA,NA,2015,48
"Preterm, Low Birth Weight and Health of the Newborn ",NA,NA,2015,223
Prevention,NA,NA,2015,NA
Prostate Cancer,2.2,NA,2015,288
Psoriasis,NA,447,2015,14
Radiation Oncology,NA,NA,2015,NA
Rare Diseases,NA,NA,2015,NA
Regenerative Medicine,NA,NA,2015,862
Rehabilitation,NA,NA,2015,514
Rett Syndrome,NA,57,2015,12
Reye's Syndrome,NA,4,2015,0
Rheumatoid Arthritis,NA,NA,2015,59
Rural Health,NA,NA,2015,192
Sarcopenia,NA,NA,2015,NA
Schizophrenia,NA,NA,2015,241
Scleroderma,NA,7,2015,22
Screening And Brief Intervention For Substance Abuse,NA,NA,2015,35
Septicemia,NA,NA,2015,103
Serious Mental Illness,3.6,NA,2015,381
Sexual and Gender Minorities ,NA,NA,2015,162
Sexually Transmitted Diseases/Herpes,NA,NA,2015,250
Sickle Cell Disease,NA,903,2015,75
Sleep Disorders,NA,NA,2015,313
Small Pox,NA,0,2015,17
Smoking Cessation,15.1,NA,2015,298
Spina Bifida,NA,380,2015,10
Spinal Cord Injury,NA,NA,2015,82
Spinal Muscular Atrophy,NA,181,2015,11
Stem Cell Research,NA,NA,2015,NA
Stem Cell Research  Embryonic - Human,NA,NA,2015,180
Stem Cell Research  Embryonic - Non-Human,NA,NA,2015,159
Stem Cell Research  Induced Pluripotent Stem Cell,NA,NA,2015,324
Stem Cell Research  Induced Pluripotent Stem Cell - Human,NA,NA,2015,282
Stem Cell Research  Induced Pluripotent Stem Cell - Non-Human,NA,NA,2015,61
Stem Cell Research  Nonembryonic - Human,NA,NA,2015,445
Stem Cell Research  Nonembryonic - Non-Human,NA,NA,2015,632
Stem Cell Research  Umbilical Cord Blood/ Placenta,NA,NA,2015,35
Stem Cell Research  Umbilical Cord Blood/ Placenta - Human,NA,NA,2015,32
Stem Cell Research  Umbilical Cord Blood/ Placenta - Non-Human,NA,NA,2015,6
Stroke,NA,NA,2015,288
Substance Abuse ,NA,NA,2015,NA
Substance Abuse Prevention,NA,NA,2015,67
Sudden Infant Death Syndrome,NA,NA,2015,17
Suicide,NA,NA,2015,46
Suicide Prevention,NA,NA,2015,24
Teenage Pregnancy,NA,NA,2015,14
Temporomandibular Muscle/Joint Disorder ,NA,4,2015,16
Therapeutic Cannabinoid Research,NA,NA,2015,21
Tobacco,NA,NA,2015,300
Topical Microbicides,NA,NA,2015,107
Tourette Syndrome,NA,19,2015,5
Transmissible Spongiform Encephalopathy ,NA,556,2015,36
Transplantation,NA,NA,2015,582
Tuberculosis,NA,883,2015,272
Tuberculosis Vaccine,NA,NA,2015,23
Tuberous Sclerosis,NA,65,2015,21
Underage Drinking,NA,NA,2015,74
Underage Drinking – Prevention & Treatment ,NA,NA,2015,52
Urologic Diseases,NA,NA,2015,527
Usher Syndrome,NA,NA,2015,16
Uterine Cancer,0.7,NA,2015,52
Vaccine Related,NA,NA,2015,NA
Vaccine related ,NA,NA,2015,541
Vaginal Cancer,NA,NA,2015,NA
Valley Fever,NA,NA,2015,11
Vascular Cognitive Impairment/Dementia,NA,NA,2015,72
VectorBorne Diseases,NA,NA,2015,439
Violence Against Women,NA,NA,2015,31
Violence Research,NA,NA,2015,107
Vulvodynia,NA,NA,2015,2
West Nile Virus,NA,138,2015,40
Women's Health ,NA,NA,2015,NA
Youth Violence,NA,NA,2015,47
Youth Violence Prevention,NA,NA,2015,15
Acquired Cognitive Impairment,NA,NA,2016,NA
Acute Respiratory Distress Syndrome,NA,NA,2016,103
Adolescent Sexual Activity,NA,138,2016,91
Agent Orange & Dioxin,NA,NA,2016,9
Aging,NA,NA,2016,NA
"Alcoholism, Alcohol Use and Health ",NA,NA,2016,486
Allergic Rhinitis ,8.2,77,2016,7
Amyotrophic Lateral Sclerosis,NA,NA,2016,52
Alzheimer's Disease,NA,NA,2016,929
Alzheimer's Disease including Alzheimer's Disease Related Dementias ,NA,NA,2016,986
Alzheimer's Disease Related Dementias ,NA,NA,2016,175
American Indians / Alaska Natives,NA,NA,2016,180
Anorexia,NA,107,2016,8
Anthrax,NA,NA,2016,51
Antimicrobial Resistance,NA,NA,2016,420
Anxiety Disorders,NA,NA,2016,174
Aphasia,NA,NA,2016,30
Arctic,NA,NA,2016,24
Arthritis,22.9,NA,2016,248
Assistive Technology,NA,NA,2016,296
Asthma,7.6,NA,2016,266
Ataxia Telangiectasia,NA,13,2016,7
Atherosclerosis,NA,NA,2016,385
Attention Deficit Disorder ,9.8,69,2016,47
Autism,2.4,216,2016,232
Autoimmune Disease,NA,NA,2016,883
Back Pain,NA,NA,2016,23
Basic Behavioral and Social Science,NA,NA,2016,NA
Batten Disease,NA,NA,2016,5
Behavioral and Social Science,NA,NA,2016,NA
Biodefense ,NA,NA,2016,NA
Bioengineering,NA,NA,2016,NA
Biotechnology,NA,NA,2016,NA
Bipolar Disorder,NA,NA,2016,90
Brain Cancer,0.1,NA,2016,310
Brain Disorders,NA,NA,2016,NA
Breast Cancer,1.6,NA,2016,656
Burden of Illness,NA,NA,2016,85
Cachexia,NA,NA,2016,15
Cancer,8.7,NA,2016,NA
Cancer Genomics,NA,NA,2016,861
Cannabidiol Research,NA,NA,2016,12
Cannabinoid Research,NA,NA,2016,115
Cardiovascular,NA,NA,2016,NA
Caregiving Research,NA,NA,2016,74
Cerebral Palsy,0.3,NA,2016,26
Cerebrovascular,NA,NA,2016,520
Cervical Cancer,0.8,NA,2016,99
CharcotMarie-Tooth Disease,NA,NA,2016,11
Child Abuse and Neglect Research,NA,NA,2016,29
Childhood Leukemia,NA,NA,2016,151
Chronic Fatigue Syndrome ,NA,11,2016,8
Chronic Liver Disease and Cirrhosis,NA,NA,2016,293
Chronic Obstructive Pulmonary Disease,6.2,NA,2016,97
Climate Change ,NA,NA,2016,5
ClimateRelated Exposures and Conditions  ,NA,NA,2016,156
Clinical Research,NA,NA,2016,NA
Clinical Trials and Supportive Activities  ,NA,NA,2016,NA
ColoRectal Cancer,0.6,NA,2016,274
Comparative Effectiveness Research,NA,NA,2016,632
Complementary and Alternative Medicine,NA,NA,2016,366
Conditions Affecting the Embryonic and Fetal Periods ,NA,NA,2016,166
Congenital Heart Disease,NA,NA,2016,111
Congenital Muscular Dystrophy,NA,NA,2016,10
Congenital Structural Anomalies,NA,NA,2016,449
Contraception/Reproduction,NA,NA,2016,419
Cooley's Anemia,NA,NA,2016,18
Cost Effectiveness Research,NA,NA,2016,206
Crohn's Disease,NA,NA,2016,64
Cystic Fibrosis,NA,540,2016,89
Dementia,NA,NA,2016,NA
Dental/Oral and Craniofacial Disease,NA,NA,2016,518
Depression,NA,NA,2016,410
Diabetes ,9.7,NA,2016,NA
Diagnostic Radiology,NA,NA,2016,NA
Dietary Supplements,NA,NA,2016,294
Diethylstilbestrol ,NA,NA,2016,1
Digestive Diseases,NA,NA,2016,NA
Digestive Diseases  ,NA,NA,2016,11
Digestive Diseases  ,6.1,NA,2016,9
Down Syndrome,0.1,NA,2016,27
Drug Abuse ,NA,NA,2016,NA
Duchenne/ Becker Muscular Dystrophy,NA,NA,2016,33
Dystonia,NA,219,2016,16
Eating Disorders ,NA,188,2016,28
Eczema / Atopic Dermatitis,NA,NA,2016,29
Emergency Care,NA,NA,2016,129
Emerging Infectious Diseases,NA,NA,2016,NA
Emphysema,1.5,NA,2016,29
Endocannabinoid System Research,NA,NA,2016,51
Endocrine Disruptors,NA,NA,2016,140
Endometriosis,NA,24,2016,10
Epilepsy,2,NA,2016,153
Estrogen,NA,NA,2016,205
Eye Disease And Disorders Of Vision,NA,NA,2016,847
Facioscapulohumeral Muscular Dystrophy,NA,NA,2016,9
Fetal Alcohol Syndrome,NA,22,2016,29
Fibroid Tumors ,NA,65,2016,12
Fibromyalgia,NA,467,2016,11
Food Allergies,NA,NA,2016,76
Foodborne Illness  ,NA,NA,2016,116
Fragile X Syndrome,NA,38,2016,44
Frontotemporal Dementia ,NA,NA,2016,65
Gene Therapy,NA,NA,2016,265
Gene Therapy Clinical Trials,NA,NA,2016,32
Genetic Testing,NA,NA,2016,165
Genetics,NA,NA,2016,NA
Global Warming Climate Change,NA,NA,2016,3
Headaches,NA,NA,2016,24
Health Disparities ,NA,NA,2016,NA
Health Effects of Household Energy Combustion,NA,NA,2016,17
Health Effects of Indoor Air Pollution,NA,NA,2016,103
Health Services,NA,NA,2016,NA
Heart Disease,11.7,NA,2016,NA
Heart Disease  Coronary Heart Disease,6.1,NA,2016,419
Hematology,NA,NA,2016,NA
Hepatitis,2.8,NA,2016,267
Hepatitis  A,NA,67,2016,3
Hepatitis  B,NA,NA,2016,47
Hepatitis  C,NA,NA,2016,107
HIV/AIDS ,NA,NA,2016,NA
Hodgkin's Disease,NA,NA,2016,15
Homelessness,NA,NA,2016,17
Homicide and Legal Interventions,NA,NA,2016,1
HPV and/or Cervical Cancer Vaccines,NA,NA,2016,38
Human Fetal Tissue ,NA,NA,2016,103
Human Genome,NA,NA,2016,NA
Huntington's Disease,NA,NA,2016,37
Hydrocephalus,NA,NA,2016,8
Hyperbaric Oxygen,NA,NA,2016,3
Hypertension,27,NA,2016,224
Immunization,NA,NA,2016,NA
Infant Mortality,NA,NA,2016,78
Infectious Diseases,NA,NA,2016,NA
Infertility,NA,NA,2016,86
Inflammatory Bowel Disease,NA,NA,2016,126
Influenza,NA,NA,2016,263
Injury  Childhood Injuries,NA,NA,2016,47
Injury  Trauma - ,NA,NA,2016,192
Injury  Traumatic brain injury,NA,NA,2016,105
Injury  Unintentional Childhood Injury,NA,NA,2016,26
Injury ,NA,NA,2016,447
Intellectual and Developmental Disabilities ,6,NA,2016,418
Interstitial Cystitis,NA,29,2016,9
Kidney Disease,2,NA,2016,574
Lead Poisoning,NA,2,2016,9
Lewy Body Dementia,NA,NA,2016,22
Liver Cancer,0.1,NA,2016,83
Liver Disease,1.6,NA,2016,635
Lung,NA,NA,2016,NA
Lung Cancer,0.2,NA,2016,331
Lupus,NA,NA,2016,97
Lyme Disease,NA,64,2016,28
Lymphoma,0.3,NA,2016,264
Macular Degeneration,NA,660,2016,99
Major Depressive Disorder,NA,NA,2016,103
Malaria,NA,13,2016,183
Malaria Vaccine,NA,NA,2016,47
Mental Health,NA,NA,2016,NA
Mental Illness,NA,NA,2016,826
Methamphetamine,NA,NA,2016,50
Migraines,15,NA,2016,18
Mind and Body,NA,NA,2016,230
Minority Health ,NA,NA,2016,NA
Mucopolysaccharidoses ,NA,79,2016,7
Multiple Sclerosis,NA,NA,2016,97
Muscular Dystrophy,NA,NA,2016,79
Myasthenia Gravis,NA,NA,2016,5
Myotonic Dystrophy,NA,NA,2016,9
Nanotechnology ,NA,NA,2016,398
Neck Pain,NA,NA,2016,1
Neonatal Respiratory Distress ,NA,798,2016,52
Networking and Information Technology R&D  ,NA,NA,2016,NA
Neuroblastoma,NA,NA,2016,37
Neurodegenerative,NA,NA,2016,NA
Neurofibromatosis,NA,311,2016,29
Neurosciences,NA,NA,2016,NA
Nutrition,NA,NA,2016,NA
Obesity,30,NA,2016,965
Organ Transplantation,NA,NA,2016,153
Orphan Drug,NA,NA,2016,NA
Osteoarthritis,NA,NA,2016,76
Osteogenesis Imperfecta,NA,76,2016,16
Osteoporosis,NA,NA,2016,141
Otitis Media,NA,67,2016,16
Ovarian Cancer,0.4,NA,2016,144
Paget's Disease,NA,217,2016,2
Pain Conditions  Chronic,29.9,NA,2016,410
Pain Research,NA,NA,2016,483
Pancreatic Cancer,0.1,NA,2016,168
Parkinson's Disease,NA,NA,2016,161
Patient Safety,NA,NA,2016,NA
Pediatric,NA,NA,2016,NA
Pediatric AIDS ,NA,NA,2016,175
Pediatric Cancer,NA,NA,2016,351
Pediatric Cardiomyopathy,NA,NA,2016,27
Pediatric Research Initiative,NA,NA,2016,389
Pelvic Inflammatory Disease,NA,276,2016,3
Perinatal Period  Conditions Originating in Perinatal Period,NA,NA,2016,569
Peripheral Neuropathy ,NA,NA,2016,122
Physical Activity,NA,NA,2016,392
Physical Rehabilitation,NA,NA,2016,133
Pick's Disease,NA,NA,2016,8
Pneumonia,NA,NA,2016,127
Pneumonia & Influenza,NA,NA,2016,380
Polycystic Kidney Disease,NA,778,2016,26
PostTraumatic Stress Disorder ,NA,NA,2016,89
Precision Medicine,NA,NA,2016,785
Prescription Drug Abuse,NA,NA,2016,51
"Preterm, Low Birth Weight and Health of the Newborn ",NA,NA,2016,240
Prevention,NA,NA,2016,NA
Prostate Cancer,2.2,NA,2016,253
Psoriasis,NA,447,2016,18
Radiation Oncology,NA,NA,2016,284
Rare Diseases,NA,NA,2016,NA
Regenerative Medicine,NA,NA,2016,886
Rehabilitation,NA,NA,2016,532
Rett Syndrome,NA,57,2016,14
Reye's Syndrome,NA,4,2016,NA
Rheumatoid Arthritis,NA,NA,2016,91
Rural Health,NA,NA,2016,295
Sarcopenia,NA,NA,2016,16
Schizophrenia,NA,NA,2016,254
Scleroderma,NA,7,2016,18
Screening And Brief Intervention For Substance Abuse,NA,NA,2016,35
Septicemia,NA,NA,2016,116
Serious Mental Illness,3.6,NA,2016,400
Sexual and Gender Minorities ,NA,NA,2016,166
Sexually Transmitted Diseases/Herpes,NA,NA,2016,260
Sickle Cell Disease,NA,903,2016,92
Sleep Disorders,NA,NA,2016,315
Small Pox,NA,0,2016,49
Smoking Cessation,15.1,NA,2016,298
Spina Bifida,NA,380,2016,12
Spinal Cord Injury,NA,NA,2016,71
Spinal Muscular Atrophy,NA,181,2016,10
Stem Cell Research,NA,NA,2016,NA
Stem Cell Research  Embryonic - Human,NA,NA,2016,206
Stem Cell Research  Embryonic - Non-Human,NA,NA,2016,146
Stem Cell Research  Induced Pluripotent Stem Cell,NA,NA,2016,374
Stem Cell Research  Induced Pluripotent Stem Cell - Human,NA,NA,2016,335
Stem Cell Research  Induced Pluripotent Stem Cell - Non-Human,NA,NA,2016,56
Stem Cell Research  Nonembryonic - Human,NA,NA,2016,457
Stem Cell Research  Nonembryonic - Non-Human,NA,NA,2016,652
Stem Cell Research  Umbilical Cord Blood/ Placenta,NA,NA,2016,42
Stem Cell Research  Umbilical Cord Blood/ Placenta - Human,NA,NA,2016,33
Stem Cell Research  Umbilical Cord Blood/ Placenta - Non-Human,NA,NA,2016,10
Stroke,NA,NA,2016,308
Substance Abuse ,NA,NA,2016,NA
Substance Abuse Prevention,NA,NA,2016,57
Sudden Infant Death Syndrome,NA,NA,2016,16
Suicide,NA,NA,2016,52
Suicide Prevention,NA,NA,2016,33
Teenage Pregnancy,NA,NA,2016,14
Temporomandibular Muscle/Joint Disorder ,NA,4,2016,15
Therapeutic Cannabinoid Research,NA,NA,2016,28
Tobacco,NA,NA,2016,299
Topical Microbicides,NA,NA,2016,99
Tourette Syndrome,NA,19,2016,5
Transmissible Spongiform Encephalopathy ,NA,556,2016,33
Transplantation,NA,NA,2016,601
Tuberculosis,NA,883,2016,290
Tuberculosis Vaccine,NA,NA,2016,27
Tuberous Sclerosis,NA,65,2016,26
Underage Drinking,NA,NA,2016,73
Underage Drinking – Prevention & Treatment ,NA,NA,2016,55
Urologic Diseases,NA,NA,2016,506
Usher Syndrome,NA,NA,2016,16
Uterine Cancer,0.7,NA,2016,50
Vaccine Related,NA,NA,2016,NA
Vaccine related ,NA,NA,2016,605
Vaginal Cancer,NA,NA,2016,5
Valley Fever,NA,NA,2016,7
Vascular Cognitive Impairment/Dementia,NA,NA,2016,89
VectorBorne Diseases,NA,NA,2016,546
Violence Against Women,NA,NA,2016,30
Violence Research,NA,NA,2016,111
Vulvodynia,NA,NA,2016,2
West Nile Virus,NA,138,2016,46
Women's Health ,NA,NA,2016,NA
Youth Violence,NA,NA,2016,46
Youth Violence Prevention,NA,NA,2016,17
Acquired Cognitive Impairment,NA,NA,2017,NA
Acute Respiratory Distress Syndrome,NA,NA,2017,106
Adolescent Sexual Activity,NA,138,2017,94
Agent Orange & Dioxin,NA,NA,2017,10
Aging,NA,NA,2017,NA
"Alcoholism, Alcohol Use and Health ",NA,NA,2017,503
Allergic Rhinitis ,8.2,77,2017,7
Amyotrophic Lateral Sclerosis,NA,NA,2017,55
Alzheimer's Disease,NA,NA,2017,NA
Alzheimer's Disease including Alzheimer's Disease Related Dementias ,NA,NA,2017,NA
Alzheimer's Disease Related Dementias ,NA,NA,2017,234
American Indians / Alaska Natives,NA,NA,2017,188
Anorexia,NA,107,2017,8
Anthrax,NA,NA,2017,53
Antimicrobial Resistance,NA,NA,2017,473
Anxiety Disorders,NA,NA,2017,183
Aphasia,NA,NA,2017,31
Arctic,NA,NA,2017,25
Arthritis,22.9,NA,2017,256
Assistive Technology,NA,NA,2017,306
Asthma,7.6,NA,2017,275
Ataxia Telangiectasia,NA,13,2017,7
Atherosclerosis,NA,NA,2017,397
Attention Deficit Disorder ,9.8,69,2017,50
Autism,2.4,216,2017,243
Autoimmune Disease,NA,NA,2017,899
Back Pain,NA,NA,2017,24
Basic Behavioral and Social Science,NA,NA,2017,NA
Batten Disease,NA,NA,2017,5
Behavioral and Social Science,NA,NA,2017,NA
Biodefense ,NA,NA,2017,NA
Bioengineering,NA,NA,2017,NA
Biotechnology,NA,NA,2017,NA
Bipolar Disorder,NA,NA,2017,95
Brain Cancer,0.1,NA,2017,335
Brain Disorders,NA,NA,2017,NA
Breast Cancer,1.6,NA,2017,711
Burden of Illness,NA,NA,2017,91
Cachexia,NA,NA,2017,16
Cancer,8.7,NA,2017,NA
Cancer Genomics,NA,NA,2017,931
Cannabidiol Research,NA,NA,2017,12
Cannabinoid Research,NA,NA,2017,120
Cardiovascular,NA,NA,2017,NA
Caregiving Research,NA,NA,2017,77
Cerebral Palsy,0.3,NA,2017,27
Cerebrovascular,NA,NA,2017,543
Cervical Cancer,0.8,NA,2017,107
CharcotMarie-Tooth Disease,NA,NA,2017,12
Child Abuse and Neglect Research,NA,NA,2017,30
Childhood Leukemia,NA,NA,2017,164
Chronic Fatigue Syndrome ,NA,11,2017,8
Chronic Liver Disease and Cirrhosis,NA,NA,2017,304
Chronic Obstructive Pulmonary Disease,6.2,NA,2017,100
Climate Change ,NA,NA,2017,6
ClimateRelated Exposures and Conditions  ,NA,NA,2017,162
Clinical Research,NA,NA,2017,NA
Clinical Trials and Supportive Activities  ,NA,NA,2017,NA
ColoRectal Cancer,0.6,NA,2017,296
Comparative Effectiveness Research,NA,NA,2017,661
Complementary and Alternative Medicine,NA,NA,2017,381
Conditions Affecting the Embryonic and Fetal Periods ,NA,NA,2017,171
Congenital Heart Disease,NA,NA,2017,114
Congenital Muscular Dystrophy,NA,NA,2017,10
Congenital Structural Anomalies,NA,NA,2017,464
Contraception/Reproduction,NA,NA,2017,432
Cooley's Anemia,NA,NA,2017,19
Cost Effectiveness Research,NA,NA,2017,213
Crohn's Disease,NA,NA,2017,66
Cystic Fibrosis,NA,540,2017,91
Dementia,NA,NA,2017,NA
Dental/Oral and Craniofacial Disease,NA,NA,2017,537
Depression,NA,NA,2017,430
Diabetes ,9.7,NA,2017,NA
Diagnostic Radiology,NA,NA,2017,NA
Dietary Supplements,NA,NA,2017,307
Diethylstilbestrol ,NA,NA,2017,1
Digestive Diseases,NA,NA,2017,NA
Digestive Diseases  ,NA,NA,2017,12
Digestive Diseases  ,6.1,NA,2017,10
Down Syndrome,0.1,NA,2017,28
Drug Abuse ,NA,NA,2017,NA
Duchenne/ Becker Muscular Dystrophy,NA,NA,2017,34
Dystonia,NA,219,2017,16
Eating Disorders ,NA,188,2017,30
Eczema / Atopic Dermatitis,NA,NA,2017,30
Emergency Care,NA,NA,2017,134
Emerging Infectious Diseases,NA,NA,2017,NA
Emphysema,1.5,NA,2017,30
Endocannabinoid System Research,NA,NA,2017,53
Endocrine Disruptors,NA,NA,2017,145
Endometriosis,NA,24,2017,10
Epilepsy,2,NA,2017,161
Estrogen,NA,NA,2017,215
Eye Disease And Disorders Of Vision,NA,NA,2017,877
Facioscapulohumeral Muscular Dystrophy,NA,NA,2017,9
Fetal Alcohol Syndrome,NA,22,2017,30
Fibroid Tumors ,NA,65,2017,12
Fibromyalgia,NA,467,2017,11
Food Allergies,NA,NA,2017,78
Foodborne Illness  ,NA,NA,2017,120
Fragile X Syndrome,NA,38,2017,46
Frontotemporal Dementia ,NA,NA,2017,68
Gene Therapy,NA,NA,2017,277
Gene Therapy Clinical Trials,NA,NA,2017,34
Genetic Testing,NA,NA,2017,175
Genetics,NA,NA,2017,NA
Global Warming Climate Change,NA,NA,2017,3
Headaches,NA,NA,2017,26
Health Disparities ,NA,NA,2017,NA
Health Effects of Household Energy Combustion,NA,NA,2017,18
Health Effects of Indoor Air Pollution,NA,NA,2017,107
Health Services,NA,NA,2017,NA
Heart Disease,11.7,NA,2017,NA
Heart Disease  Coronary Heart Disease,6.1,NA,2017,431
Hematology,NA,NA,2017,NA
Hepatitis,2.8,NA,2017,277
Hepatitis  A,NA,67,2017,3
Hepatitis  B,NA,NA,2017,49
Hepatitis  C,NA,NA,2017,111
HIV/AIDS ,NA,NA,2017,NA
Hodgkin's Disease,NA,NA,2017,16
Homelessness,NA,NA,2017,18
Homicide and Legal Interventions,NA,NA,2017,1
HPV and/or Cervical Cancer Vaccines,NA,NA,2017,41
Human Fetal Tissue ,NA,NA,2017,107
Human Genome,NA,NA,2017,NA
Huntington's Disease,NA,NA,2017,39
Hydrocephalus,NA,NA,2017,8
Hyperbaric Oxygen,NA,NA,2017,3
Hypertension,27,NA,2017,230
Immunization,NA,NA,2017,NA
Infant Mortality,NA,NA,2017,81
Infectious Diseases,NA,NA,2017,NA
Infertility,NA,NA,2017,89
Inflammatory Bowel Disease,NA,NA,2017,130
Influenza,NA,NA,2017,272
Injury  Childhood Injuries,NA,NA,2017,49
Injury  Trauma - ,NA,NA,2017,201
Injury  Traumatic brain injury,NA,NA,2017,110
Injury  Unintentional Childhood Injury,NA,NA,2017,27
Injury ,NA,NA,2017,465
Intellectual and Developmental Disabilities ,6,NA,2017,436
Interstitial Cystitis,NA,29,2017,9
Kidney Disease,2,NA,2017,593
Lead Poisoning,NA,2,2017,9
Lewy Body Dementia,NA,NA,2017,23
Liver Cancer,0.1,NA,2017,89
Liver Disease,1.6,NA,2017,661
Lung,NA,NA,2017,NA
Lung Cancer,0.2,NA,2017,360
Lupus,NA,NA,2017,100
Lyme Disease,NA,64,2017,29
Lymphoma,0.3,NA,2017,286
Macular Degeneration,NA,660,2017,102
Major Depressive Disorder,NA,NA,2017,108
Malaria,NA,13,2017,189
Malaria Vaccine,NA,NA,2017,49
Mental Health,NA,NA,2017,NA
Mental Illness,NA,NA,2017,867
Methamphetamine,NA,NA,2017,52
Migraines,15,NA,2017,19
Mind and Body,NA,NA,2017,240
Minority Health ,NA,NA,2017,NA
Mucopolysaccharidoses ,NA,79,2017,7
Multiple Sclerosis,NA,NA,2017,101
Muscular Dystrophy,NA,NA,2017,82
Myasthenia Gravis,NA,NA,2017,6
Myotonic Dystrophy,NA,NA,2017,9
Nanotechnology ,NA,NA,2017,417
Neck Pain,NA,NA,2017,1
Neonatal Respiratory Distress ,NA,798,2017,54
Networking and Information Technology R&D  ,NA,NA,2017,NA
Neuroblastoma,NA,NA,2017,40
Neurodegenerative,NA,NA,2017,NA
Neurofibromatosis,NA,311,2017,31
Neurosciences,NA,NA,2017,NA
Nutrition,NA,NA,2017,NA
Obesity,30,NA,2017,997
Organ Transplantation,NA,NA,2017,159
Orphan Drug,NA,NA,2017,NA
Osteoarthritis,NA,NA,2017,79
Osteogenesis Imperfecta,NA,76,2017,16
Osteoporosis,NA,NA,2017,146
Otitis Media,NA,67,2017,16
Ovarian Cancer,0.4,NA,2017,156
Paget's Disease,NA,217,2017,2
Pain Conditions  Chronic,29.9,NA,2017,425
Pain Research,NA,NA,2017,501
Pancreatic Cancer,0.1,NA,2017,183
Parkinson's Disease,NA,NA,2017,169
Patient Safety,NA,NA,2017,NA
Pediatric,NA,NA,2017,NA
Pediatric AIDS ,NA,NA,2017,171
Pediatric Cancer,NA,NA,2017,380
Pediatric Cardiomyopathy,NA,NA,2017,28
Pediatric Research Initiative,NA,NA,2017,397
Pelvic Inflammatory Disease,NA,276,2017,4
Perinatal Period  Conditions Originating in Perinatal Period,NA,NA,2017,588
Peripheral Neuropathy ,NA,NA,2017,128
Physical Activity,NA,NA,2017,407
Physical Rehabilitation,NA,NA,2017,138
Pick's Disease,NA,NA,2017,8
Pneumonia,NA,NA,2017,131
Pneumonia & Influenza,NA,NA,2017,393
Polycystic Kidney Disease,NA,778,2017,27
PostTraumatic Stress Disorder ,NA,NA,2017,93
Precision Medicine,NA,NA,2017,884
Prescription Drug Abuse,NA,NA,2017,55
"Preterm, Low Birth Weight and Health of the Newborn ",NA,NA,2017,247
Prevention,NA,NA,2017,NA
Prostate Cancer,2.2,NA,2017,274
Psoriasis,NA,447,2017,18
Radiation Oncology,NA,NA,2017,308
Rare Diseases,NA,NA,2017,NA
Regenerative Medicine,NA,NA,2017,919
Rehabilitation,NA,NA,2017,555
Rett Syndrome,NA,57,2017,14
Reye's Syndrome,NA,4,2017,NA
Rheumatoid Arthritis,NA,NA,2017,94
Rural Health,NA,NA,2017,305
Sarcopenia,NA,NA,2017,17
Schizophrenia,NA,NA,2017,268
Scleroderma,NA,7,2017,19
Screening And Brief Intervention For Substance Abuse,NA,NA,2017,36
Septicemia,NA,NA,2017,120
Serious Mental Illness,3.6,NA,2017,421
Sexual and Gender Minorities ,NA,NA,2017,173
Sexually Transmitted Diseases/Herpes,NA,NA,2017,273
Sickle Cell Disease,NA,903,2017,95
Sleep Disorders,NA,NA,2017,327
Small Pox,NA,0,2017,51
Smoking Cessation,15.1,NA,2017,314
Spina Bifida,NA,380,2017,12
Spinal Cord Injury,NA,NA,2017,74
Spinal Muscular Atrophy,NA,181,2017,10
Stem Cell Research,NA,NA,2017,NA
Stem Cell Research  Embryonic - Human,NA,NA,2017,213
Stem Cell Research  Embryonic - Non-Human,NA,NA,2017,152
Stem Cell Research  Induced Pluripotent Stem Cell,NA,NA,2017,387
Stem Cell Research  Induced Pluripotent Stem Cell - Human,NA,NA,2017,347
Stem Cell Research  Induced Pluripotent Stem Cell - Non-Human,NA,NA,2017,58
Stem Cell Research  Nonembryonic - Human,NA,NA,2017,480
Stem Cell Research  Nonembryonic - Non-Human,NA,NA,2017,681
Stem Cell Research  Umbilical Cord Blood/ Placenta,NA,NA,2017,43
Stem Cell Research  Umbilical Cord Blood/ Placenta - Human,NA,NA,2017,34
Stem Cell Research  Umbilical Cord Blood/ Placenta - Non-Human,NA,NA,2017,11
Stroke,NA,NA,2017,322
Substance Abuse ,NA,NA,2017,NA
Substance Abuse Prevention,NA,NA,2017,60
Sudden Infant Death Syndrome,NA,NA,2017,17
Suicide,NA,NA,2017,55
Suicide Prevention,NA,NA,2017,34
Teenage Pregnancy,NA,NA,2017,14
Temporomandibular Muscle/Joint Disorder ,NA,4,2017,16
Therapeutic Cannabinoid Research,NA,NA,2017,29
Tobacco,NA,NA,2017,315
Topical Microbicides,NA,NA,2017,106
Tourette Syndrome,NA,19,2017,6
Transmissible Spongiform Encephalopathy ,NA,556,2017,34
Transplantation,NA,NA,2017,624
Tuberculosis,NA,883,2017,300
Tuberculosis Vaccine,NA,NA,2017,28
Tuberous Sclerosis,NA,65,2017,27
Underage Drinking,NA,NA,2017,76
Underage Drinking – Prevention & Treatment ,NA,NA,2017,57
Urologic Diseases,NA,NA,2017,541
Usher Syndrome,NA,NA,2017,17
Uterine Cancer,0.7,NA,2017,54
Vaccine Related,NA,NA,2017,NA
Vaccine related ,NA,NA,2017,597
Vaginal Cancer,NA,NA,2017,6
Valley Fever,NA,NA,2017,7
Vascular Cognitive Impairment/Dementia,NA,NA,2017,93
VectorBorne Diseases,NA,NA,2017,564
Violence Against Women,NA,NA,2017,31
Violence Research,NA,NA,2017,115
Vulvodynia,NA,NA,2017,2
West Nile Virus,NA,138,2017,48
Women's Health ,NA,NA,2017,NA
Youth Violence,NA,NA,2017,47
Youth Violence Prevention,NA,NA,2017,17
Acquired Cognitive Impairment,NA,NA,2018,891
Acute Respiratory Distress Syndrome,NA,NA,2018,83
Adolescent Sexual Activity,NA,138,2018,71
Agent Orange & Dioxin,NA,NA,2018,7
Aging,NA,NA,2018,NA
"Alcoholism, Alcohol Use and Health ",NA,NA,2018,375
Allergic Rhinitis ,8.2,77,2018,5
Amyotrophic Lateral Sclerosis,NA,NA,2018,42
Alzheimer's Disease,NA,NA,2018,790
Alzheimer's Disease including Alzheimer's Disease Related Dementias ,NA,NA,2018,837
Alzheimer's Disease Related Dementias ,NA,NA,2018,146
American Indians / Alaska Natives,NA,NA,2018,138
Anorexia,NA,107,2018,6
Anthrax,NA,NA,2018,40
Antimicrobial Resistance,NA,NA,2018,327
Anxiety Disorders,NA,NA,2018,140
Aphasia,NA,NA,2018,23
Arctic,NA,NA,2018,18
Arthritis,22.9,NA,2018,193
Assistive Technology,NA,NA,2018,240
Asthma,7.6,NA,2018,200
Ataxia Telangiectasia,NA,13,2018,6
Atherosclerosis,NA,NA,2018,309
Attention Deficit Disorder ,9.8,69,2018,35
Autism,2.4,216,2018,181
Autoimmune Disease,NA,NA,2018,722
Back Pain,NA,NA,2018,18
Basic Behavioral and Social Science,NA,NA,2018,NA
Batten Disease,NA,NA,2018,4
Behavioral and Social Science,NA,NA,2018,NA
Biodefense ,NA,NA,2018,NA
Bioengineering,NA,NA,2018,NA
Biotechnology,NA,NA,2018,NA
Bipolar Disorder,NA,NA,2018,74
Brain Cancer,0.1,NA,2018,260
Brain Disorders,NA,NA,2018,NA
Breast Cancer,1.6,NA,2018,555
Burden of Illness,NA,NA,2018,70
Cachexia,NA,NA,2018,12
Cancer,8.7,NA,2018,NA
Cancer Genomics,NA,NA,2018,728
Cannabidiol Research,NA,NA,2018,9
Cannabinoid Research,NA,NA,2018,93
Cardiovascular,NA,NA,2018,NA
Caregiving Research,NA,NA,2018,59
Cerebral Palsy,0.3,NA,2018,20
Cerebrovascular,NA,NA,2018,414
Cervical Cancer,0.8,NA,2018,83
CharcotMarie-Tooth Disease,NA,NA,2018,9
Child Abuse and Neglect Research,NA,NA,2018,24
Childhood Leukemia,NA,NA,2018,129
Chronic Fatigue Syndrome ,NA,11,2018,6
Chronic Liver Disease and Cirrhosis,NA,NA,2018,233
Chronic Obstructive Pulmonary Disease,6.2,NA,2018,79
Climate Change ,NA,NA,2018,4
ClimateRelated Exposures and Conditions  ,NA,NA,2018,126
Clinical Research,NA,NA,2018,NA
Clinical Trials and Supportive Activities  ,NA,NA,2018,NA
ColoRectal Cancer,0.6,NA,2018,232
Comparative Effectiveness Research,NA,NA,2018,515
Complementary and Alternative Medicine,NA,NA,2018,295
Conditions Affecting the Embryonic and Fetal Periods ,NA,NA,2018,135
Congenital Heart Disease,NA,NA,2018,90
Congenital Muscular Dystrophy,NA,NA,2018,8
Congenital Structural Anomalies,NA,NA,2018,356
Contraception/Reproduction,NA,NA,2018,335
Cooley's Anemia,NA,NA,2018,15
Cost Effectiveness Research,NA,NA,2018,165
Crohn's Disease,NA,NA,2018,51
Cystic Fibrosis,NA,540,2018,71
Dementia,NA,NA,2018,829
Dental/Oral and Craniofacial Disease,NA,NA,2018,407
Depression,NA,NA,2018,333
Diabetes ,9.7,NA,2018,951
Diagnostic Radiology,NA,NA,2018,NA
Dietary Supplements,NA,NA,2018,241
Diethylstilbestrol ,NA,NA,2018,1
Digestive Diseases,NA,NA,2018,NA
Digestive Diseases  ,NA,NA,2018,9
Digestive Diseases  ,6.1,NA,2018,7
Down Syndrome,0.1,NA,2018,21
Drug Abuse ,NA,NA,2018,865
Duchenne/ Becker Muscular Dystrophy,NA,NA,2018,26
Dystonia,NA,219,2018,12
Eating Disorders ,NA,188,2018,23
Eczema / Atopic Dermatitis,NA,NA,2018,23
Emergency Care,NA,NA,2018,102
Emerging Infectious Diseases,NA,NA,2018,NA
Emphysema,1.5,NA,2018,24
Endocannabinoid System Research,NA,NA,2018,41
Endocrine Disruptors,NA,NA,2018,115
Endometriosis,NA,24,2018,7
Epilepsy,2,NA,2018,124
Estrogen,NA,NA,2018,168
Eye Disease And Disorders Of Vision,NA,NA,2018,663
Facioscapulohumeral Muscular Dystrophy,NA,NA,2018,7
Fetal Alcohol Syndrome,NA,22,2018,23
Fibroid Tumors ,NA,65,2018,9
Fibromyalgia,NA,467,2018,9
Food Allergies,NA,NA,2018,59
Foodborne Illness  ,NA,NA,2018,90
Fragile X Syndrome,NA,38,2018,35
Frontotemporal Dementia ,NA,NA,2018,52
Gene Therapy,NA,NA,2018,214
Gene Therapy Clinical Trials,NA,NA,2018,26
Genetic Testing,NA,NA,2018,135
Genetics,NA,NA,2018,NA
Global Warming Climate Change,NA,NA,2018,3
Headaches,NA,NA,2018,20
Health Disparities ,NA,NA,2018,NA
Health Effects of Household Energy Combustion,NA,NA,2018,13
Health Effects of Indoor Air Pollution,NA,NA,2018,82
Health Services,NA,NA,2018,NA
Heart Disease,11.7,NA,2018,NA
Heart Disease  Coronary Heart Disease,6.1,NA,2018,339
Hematology,NA,NA,2018,NA
Hepatitis,2.8,NA,2018,212
Hepatitis  A,NA,67,2018,2
Hepatitis  B,NA,NA,2018,37
Hepatitis  C,NA,NA,2018,86
HIV/AIDS ,NA,NA,2018,NA
Hodgkin's Disease,NA,NA,2018,12
Homelessness,NA,NA,2018,14
Homicide and Legal Interventions,NA,NA,2018,1
HPV and/or Cervical Cancer Vaccines,NA,NA,2018,32
Human Fetal Tissue ,NA,NA,2018,81
Human Genome,NA,NA,2018,NA
Huntington's Disease,NA,NA,2018,30
Hydrocephalus,NA,NA,2018,6
Hyperbaric Oxygen,NA,NA,2018,3
Hypertension,27,NA,2018,179
Immunization,NA,NA,2018,NA
Infant Mortality,NA,NA,2018,63
Infectious Diseases,NA,NA,2018,NA
Infertility,NA,NA,2018,68
Inflammatory Bowel Disease,NA,NA,2018,100
Influenza,NA,NA,2018,215
Injury  Childhood Injuries,NA,NA,2018,37
Injury  Trauma - ,NA,NA,2018,154
Injury  Traumatic brain injury,NA,NA,2018,84
Injury  Unintentional Childhood Injury,NA,NA,2018,21
Injury ,NA,NA,2018,360
Intellectual and Developmental Disabilities ,6,NA,2018,335
Interstitial Cystitis,NA,29,2018,7
Kidney Disease,2,NA,2018,463
Lead Poisoning,NA,2,2018,7
Lewy Body Dementia,NA,NA,2018,18
Liver Cancer,0.1,NA,2018,69
Liver Disease,1.6,NA,2018,509
Lung,NA,NA,2018,NA
Lung Cancer,0.2,NA,2018,282
Lupus,NA,NA,2018,76
Lyme Disease,NA,64,2018,22
Lymphoma,0.3,NA,2018,224
Macular Degeneration,NA,660,2018,77
Major Depressive Disorder,NA,NA,2018,84
Malaria,NA,13,2018,141
Malaria Vaccine,NA,NA,2018,36
Mental Health,NA,NA,2018,NA
Mental Illness,NA,NA,2018,672
Methamphetamine,NA,NA,2018,41
Migraines,15,NA,2018,14
Mind and Body,NA,NA,2018,185
Minority Health ,NA,NA,2018,NA
Mucopolysaccharidoses ,NA,79,2018,5
Multiple Sclerosis,NA,NA,2018,77
Muscular Dystrophy,NA,NA,2018,62
Myasthenia Gravis,NA,NA,2018,4
Myotonic Dystrophy,NA,NA,2018,7
Nanotechnology ,NA,NA,2018,325
Neck Pain,NA,NA,2018,1
Neonatal Respiratory Distress ,NA,798,2018,42
Networking and Information Technology R&D  ,NA,NA,2018,851
Neuroblastoma,NA,NA,2018,31
Neurodegenerative,NA,NA,2018,NA
Neurofibromatosis,NA,311,2018,24
Neurosciences,NA,NA,2018,NA
Nutrition,NA,NA,2018,NA
Obesity,30,NA,2018,780
Organ Transplantation,NA,NA,2018,122
Orphan Drug,NA,NA,2018,NA
Osteoarthritis,NA,NA,2018,60
Osteogenesis Imperfecta,NA,76,2018,12
Osteoporosis,NA,NA,2018,111
Otitis Media,NA,67,2018,12
Ovarian Cancer,0.4,NA,2018,122
Paget's Disease,NA,217,2018,2
Pain Conditions  Chronic,29.9,NA,2018,326
Pain Research,NA,NA,2018,385
Pancreatic Cancer,0.1,NA,2018,143
Parkinson's Disease,NA,NA,2018,129
Patient Safety,NA,NA,2018,855
Pediatric,NA,NA,2018,NA
Pediatric AIDS ,NA,NA,2018,140
Pediatric Cancer,NA,NA,2018,297
Pediatric Cardiomyopathy,NA,NA,2018,22
Pediatric Research Initiative,NA,NA,2018,331
Pelvic Inflammatory Disease,NA,276,2018,3
Perinatal Period  Conditions Originating in Perinatal Period,NA,NA,2018,453
Peripheral Neuropathy ,NA,NA,2018,98
Physical Activity,NA,NA,2018,314
Physical Rehabilitation,NA,NA,2018,105
Pick's Disease,NA,NA,2018,6
Pneumonia,NA,NA,2018,99
Pneumonia & Influenza,NA,NA,2018,311
Polycystic Kidney Disease,NA,778,2018,21
PostTraumatic Stress Disorder ,NA,NA,2018,72
Precision Medicine,NA,NA,2018,631
Prescription Drug Abuse,NA,NA,2018,50
"Preterm, Low Birth Weight and Health of the Newborn ",NA,NA,2018,189
Prevention,NA,NA,2018,NA
Prostate Cancer,2.2,NA,2018,215
Psoriasis,NA,447,2018,14
Radiation Oncology,NA,NA,2018,242
Rare Diseases,NA,NA,2018,NA
Regenerative Medicine,NA,NA,2018,713
Rehabilitation,NA,NA,2018,423
Rett Syndrome,NA,57,2018,11
Reye's Syndrome,NA,4,2018,NA
Rheumatoid Arthritis,NA,NA,2018,71
Rural Health,NA,NA,2018,251
Sarcopenia,NA,NA,2018,13
Schizophrenia,NA,NA,2018,207
Scleroderma,NA,7,2018,14
Screening And Brief Intervention For Substance Abuse,NA,NA,2018,28
Septicemia,NA,NA,2018,95
Serious Mental Illness,3.6,NA,2018,326
Sexual and Gender Minorities ,NA,NA,2018,133
Sexually Transmitted Diseases/Herpes,NA,NA,2018,209
Sickle Cell Disease,NA,903,2018,74
Sleep Disorders,NA,NA,2018,254
Small Pox,NA,0,2018,38
Smoking Cessation,15.1,NA,2018,245
Spina Bifida,NA,380,2018,9
Spinal Cord Injury,NA,NA,2018,57
Spinal Muscular Atrophy,NA,181,2018,8
Stem Cell Research,NA,NA,2018,NA
Stem Cell Research  Embryonic - Human,NA,NA,2018,167
Stem Cell Research  Embryonic - Non-Human,NA,NA,2018,117
Stem Cell Research  Induced Pluripotent Stem Cell,NA,NA,2018,300
Stem Cell Research  Induced Pluripotent Stem Cell - Human,NA,NA,2018,269
Stem Cell Research  Induced Pluripotent Stem Cell - Non-Human,NA,NA,2018,45
Stem Cell Research  Nonembryonic - Human,NA,NA,2018,373
Stem Cell Research  Nonembryonic - Non-Human,NA,NA,2018,528
Stem Cell Research  Umbilical Cord Blood/ Placenta,NA,NA,2018,33
Stem Cell Research  Umbilical Cord Blood/ Placenta - Human,NA,NA,2018,27
Stem Cell Research  Umbilical Cord Blood/ Placenta - Non-Human,NA,NA,2018,8
Stroke,NA,NA,2018,246
Substance Abuse ,NA,NA,2018,NA
Substance Abuse Prevention,NA,NA,2018,46
Sudden Infant Death Syndrome,NA,NA,2018,14
Suicide,NA,NA,2018,42
Suicide Prevention,NA,NA,2018,26
Teenage Pregnancy,NA,NA,2018,11
Temporomandibular Muscle/Joint Disorder ,NA,4,2018,12
Therapeutic Cannabinoid Research,NA,NA,2018,23
Tobacco,NA,NA,2018,245
Topical Microbicides,NA,NA,2018,78
Tourette Syndrome,NA,19,2018,4
Transmissible Spongiform Encephalopathy ,NA,556,2018,26
Transplantation,NA,NA,2018,485
Tuberculosis,NA,883,2018,223
Tuberculosis Vaccine,NA,NA,2018,21
Tuberous Sclerosis,NA,65,2018,21
Underage Drinking,NA,NA,2018,57
Underage Drinking – Prevention & Treatment ,NA,NA,2018,43
Urologic Diseases,NA,NA,2018,421
Usher Syndrome,NA,NA,2018,13
Uterine Cancer,0.7,NA,2018,42
Vaccine Related,NA,NA,2018,NA
Vaccine related ,NA,NA,2018,512
Vaginal Cancer,NA,NA,2018,4
Valley Fever,NA,NA,2018,6
Vascular Cognitive Impairment/Dementia,NA,NA,2018,70
VectorBorne Diseases,NA,NA,2018,423
Violence Against Women,NA,NA,2018,23
Violence Research,NA,NA,2018,88
Vulvodynia,NA,NA,2018,2
West Nile Virus,NA,138,2018,36
Women's Health ,NA,NA,2018,NA
Youth Violence,NA,NA,2018,36
Youth Violence Prevention,NA,NA,2018,13
